{
 "source_pkl": "dense500_outs_n295_fixedinj.pkl",
 "n": 295,
 "injection": {
  "inject_mode": "embed",
  "inject_pos": 90,
  "marker_pos": 90,
  "injection_scale": 39.191835884530846,
  "scale_applied": true,
  "control": "none",
  "temperature": null,
  "seed": 0,
  "decoding": "greedy"
 },
 "n_unique_outputs": 239,
 "K_seeds": 4,
 "N_PERM": 3000,
 "modes": {
  "tfidf": {
   "obs": {
    "top1": 0.006779661016949152,
    "top5": 0.030508474576271188,
    "top20": 0.0847457627118644,
    "top29": 0.11864406779661017,
    "mean_percentile": 0.491675314193474,
    "median_percentile": 0.4897959183673469,
    "mrr": 0.027855432808999814
   },
   "chance": {
    "top1": 0.003389830508474576,
    "mean_percentile": 0.5,
    "mrr": 0.02124028806412695
   },
   "per_seed": [
    {
     "seed": 0,
     "p_top1": 0.2829056981006331,
     "p_top5": 0.07197600799733422,
     "p_top20": 0.15128290569810063,
     "p_top29": 0.14561812729090304,
     "p_mean_percentile": 0.3068977007664112,
     "p_mrr": 0.0773075641452849
    },
    {
     "seed": 1,
     "p_top1": 0.2642452515828057,
     "p_top5": 0.058647117627457515,
     "p_top20": 0.14128623792069311,
     "p_top29": 0.13128957014328557,
     "p_mean_percentile": 0.31522825724758413,
     "p_mrr": 0.06697767410863045
    },
    {
     "seed": 2,
     "p_top1": 0.26624458513828725,
     "p_top5": 0.07130956347884039,
     "p_top20": 0.1506164611796068,
     "p_top29": 0.14628457180939686,
     "p_mean_percentile": 0.30389870043318895,
     "p_mrr": 0.07264245251582806
    },
    {
     "seed": 3,
     "p_top1": 0.2725758080639787,
     "p_top5": 0.0696434521826058,
     "p_top20": 0.15394868377207596,
     "p_top29": 0.1429523492169277,
     "p_mean_percentile": 0.29890036654448515,
     "p_mrr": 0.07064311896034656
    }
   ],
   "worst_case_max_p": {
    "p_top1": 0.2829056981006331,
    "p_top5": 0.07197600799733422,
    "p_top20": 0.15394868377207596,
    "p_top29": 0.14628457180939686,
    "p_mean_percentile": 0.31522825724758413,
    "p_mrr": 0.0773075641452849
   }
  },
  "semantic": {
   "obs": {
    "top1": 0.003389830508474576,
    "top5": 0.04745762711864407,
    "top20": 0.14915254237288136,
    "top29": 0.19322033898305085,
    "mean_percentile": 0.3763057765479073,
    "median_percentile": 0.3333333333333333,
    "mrr": 0.03821547637079805
   },
   "chance": {
    "top1": 0.003389830508474576,
    "mean_percentile": 0.5,
    "mrr": 0.02124028806412695
   },
   "per_seed": [
    {
     "seed": 0,
     "p_top1": 0.6487837387537487,
     "p_top5": 0.0013328890369876708,
     "p_top20": 0.0003332222592469177,
     "p_top29": 0.0003332222592469177,
     "p_mean_percentile": 0.0003332222592469177,
     "p_mrr": 0.0023325558147284237
    },
    {
     "seed": 1,
     "p_top1": 0.6281239586804399,
     "p_top5": 0.0013328890369876708,
     "p_top20": 0.0003332222592469177,
     "p_top29": 0.0003332222592469177,
     "p_mean_percentile": 0.0003332222592469177,
     "p_mrr": 0.0013328890369876708
    },
    {
     "seed": 2,
     "p_top1": 0.6371209596801066,
     "p_top5": 0.0013328890369876708,
     "p_top20": 0.0003332222592469177,
     "p_top29": 0.0003332222592469177,
     "p_mean_percentile": 0.0003332222592469177,
     "p_mrr": 0.000999666777740753
    },
    {
     "seed": 3,
     "p_top1": 0.6321226257914029,
     "p_top5": 0.0003332222592469177,
     "p_top20": 0.0003332222592469177,
     "p_top29": 0.0003332222592469177,
     "p_mean_percentile": 0.0003332222592469177,
     "p_mrr": 0.0013328890369876708
    }
   ],
   "worst_case_max_p": {
    "p_top1": 0.6487837387537487,
    "p_top5": 0.0013328890369876708,
    "p_top20": 0.0003332222592469177,
    "p_top29": 0.0003332222592469177,
    "p_mean_percentile": 0.0003332222592469177,
    "p_mrr": 0.0023325558147284237
   }
  }
 }
}