{
 "obs_doc_top1": 0.008620689655172414,
 "n_docs": 580,
 "chance": 0.0017241379310344827,
 "K_seeds": 4,
 "N_PERM": 3000,
 "per_seed": [
  {
   "seed": 0,
   "null_mean": 0.0017327586206896553,
   "null_std": 0.0017261267265240435,
   "p_value": 0.0036654448517160947,
   "z": 3.990397069143821
  },
  {
   "seed": 1,
   "null_mean": 0.0016758620689655173,
   "null_std": 0.0016738789647831648,
   "p_value": 0.003332222592469177,
   "z": 4.14894250311437
  },
  {
   "seed": 2,
   "null_mean": 0.0016804597701149428,
   "null_std": 0.0016781435993437797,
   "p_value": 0.003332222592469177,
   "z": 4.135659119777184
  },
  {
   "seed": 3,
   "null_mean": 0.001703448275862069,
   "null_std": 0.0017095845547910702,
   "p_value": 0.004665111629456847,
   "z": 4.046153409539637
  }
 ],
 "worst_case": {
  "max_p_value": 0.004665111629456847,
  "min_z": 3.990397069143821,
  "mean_null_mean": 0.0016981321839080461,
  "se_null_mean": 1.30240904566708e-05
 },
 "effect_LCB_95": 0.006881109002710847,
 "sample_outputs": [
  "<explanation>Fish Smoked with Birch and Spruce for Sustainable Seafood</explanation>",
  "<explanation>Federal unemployment benefits reduced by $100 billion in 2011</explanation>",
  "<explanation>Projectile initial velocity v0 directed at target</explanation>",
  "<explanation>Parathyroid hormone, vitamin D, phosphate control</explanation>",
  "<explanation>Example: Bar-model prior shape parameter, second paper reference</explanation>",
  "<explanation>Catholic Archdiocese drops lawsuit over St. Monica Church sale</explanation>"
 ],
 "mode": "tfidf",
 "checkpoint": "dense500",
 "n": 580,
 "injection": {
  "inject_mode": "embed",
  "inject_pos": 90,
  "marker_pos": 90,
  "injection_scale": 39.191835884530846,
  "scale_applied": true,
  "control": "none",
  "temperature": null,
  "seed": 0,
  "decoding": "greedy"
 },
 "n_unique_outputs": 378
}