{
 "pkls": [
  "results/nla_local/wco_use3/step_005000_outs_n580_fixedinj_t1.0_s0.pkl",
  "results/nla_local/wco_use3/step_005000_outs_n580_fixedinj_t1.0_s1.pkl",
  "results/nla_local/wco_use3/step_005000_outs_n580_fixedinj_t1.0_s2.pkl",
  "results/nla_local/wco_use3/step_005000_outs_n580_fixedinj_t1.0_s3.pkl"
 ],
 "n": 580,
 "K_available": 4,
 "N_PERM": 3000,
 "null_seeds": 4,
 "modes": {
  "tfidf": {
   "curve": [
    {
     "K": 1,
     "obs": {
      "top1": 0.0017241379310344827,
      "top5": 0.01896551724137931,
      "top20": 0.05344827586206897,
      "mean_percentile": 0.4869483651956405,
      "mrr": 0.01581004834290787
     },
     "worst_case_max_p": {
      "p_top1": 0.647784071976008,
      "p_top5": 0.01599466844385205,
      "p_top20": 0.013328890369876709,
      "p_mean_percentile": 0.14228590469843386,
      "p_mrr": 0.05498167277574142
     }
    },
    {
     "K": 2,
     "obs": {
      "top1": 0.0034482758620689655,
      "top5": 0.017241379310344827,
      "top20": 0.06724137931034482,
      "mean_percentile": 0.4721219701030315,
      "mrr": 0.018524047444880114
     },
     "worst_case_max_p": {
      "p_top1": 0.2749083638787071,
      "p_top5": 0.036654448517160945,
      "p_top20": 0.0003332222592469177,
      "p_mean_percentile": 0.01166277907364212,
      "p_mrr": 0.006997667444185272
     }
    },
    {
     "K": 4,
     "obs": {
      "top1": 0.0034482758620689655,
      "top5": 0.01896551724137931,
      "top20": 0.06379310344827586,
      "mean_percentile": 0.46830444881186356,
      "mrr": 0.01893955804552678
     },
     "worst_case_max_p": {
      "p_top1": 0.2749083638787071,
      "p_top5": 0.01599466844385205,
      "p_top20": 0.0006664445184938354,
      "p_mean_percentile": 0.004998333888703766,
      "p_mrr": 0.005664778407197601
     }
    }
   ],
   "chance_top1": 0.0017241379310344827
  },
  "semantic": {
   "curve": [
    {
     "K": 1,
     "obs": {
      "top1": 0.005172413793103448,
      "top5": 0.020689655172413793,
      "top20": 0.06896551724137931,
      "mean_percentile": 0.4238788636769698,
      "mrr": 0.022642504636319085
     },
     "worst_case_max_p": {
      "p_top1": 0.08397200933022327,
      "p_top5": 0.006997667444185272,
      "p_top20": 0.0003332222592469177,
      "p_mean_percentile": 0.0003332222592469177,
      "p_mrr": 0.0006664445184938354
     }
    },
    {
     "K": 2,
     "obs": {
      "top1": 0.006896551724137931,
      "top5": 0.027586206896551724,
      "top20": 0.07931034482758621,
      "mean_percentile": 0.3926627359895181,
      "mrr": 0.027076477562025882
     },
     "worst_case_max_p": {
      "p_top1": 0.022325891369543487,
      "p_top5": 0.0003332222592469177,
      "p_top20": 0.0003332222592469177,
      "p_mean_percentile": 0.0003332222592469177,
      "p_mrr": 0.0003332222592469177
     }
    },
    {
     "K": 4,
     "obs": {
      "top1": 0.005172413793103448,
      "top5": 0.029310344827586206,
      "top20": 0.08275862068965517,
      "mean_percentile": 0.3732743731761063,
      "mrr": 0.027301935106787256
     },
     "worst_case_max_p": {
      "p_top1": 0.08397200933022327,
      "p_top5": 0.0003332222592469177,
      "p_top20": 0.0003332222592469177,
      "p_mean_percentile": 0.0003332222592469177,
      "p_mrr": 0.0003332222592469177
     }
    }
   ],
   "chance_top1": 0.0017241379310344827
  }
 }
}