{
 "source_pkl": "step_005000_outs_n295_fixedinj.pkl",
 "n": 295,
 "injection": {
  "inject_mode": "embed",
  "inject_pos": 90,
  "marker_pos": 90,
  "injection_scale": 39.191835884530846,
  "scale_applied": true,
  "control": "none",
  "temperature": null,
  "seed": 0,
  "decoding": "greedy"
 },
 "n_unique_outputs": 191,
 "K_seeds": 4,
 "N_PERM": 3000,
 "modes": {
  "tfidf": {
   "obs": {
    "top1": 0.006779661016949152,
    "top5": 0.02711864406779661,
    "top20": 0.07457627118644068,
    "top29": 0.09830508474576272,
    "mean_percentile": 0.49897382681886315,
    "median_percentile": 0.4897959183673469,
    "mrr": 0.025669140609141185
   },
   "chance": {
    "top1": 0.003389830508474576,
    "mean_percentile": 0.5,
    "mrr": 0.02124028806412695
   },
   "per_seed": [
    {
     "seed": 0,
     "p_top1": 0.2829056981006331,
     "p_top5": 0.13228923692102632,
     "p_top20": 0.36954348550483174,
     "p_top29": 0.5311562812395868,
     "p_mean_percentile": 0.4701766077974009,
     "p_mrr": 0.1602799066977674
    },
    {
     "seed": 1,
     "p_top1": 0.2642452515828057,
     "p_top5": 0.12662445851382872,
     "p_top20": 0.35321559480173276,
     "p_top29": 0.5251582805731423,
     "p_mean_percentile": 0.47784071976007997,
     "p_mrr": 0.137620793068977
    },
    {
     "seed": 2,
     "p_top1": 0.26624458513828725,
     "p_top5": 0.1316227924025325,
     "p_top20": 0.36854381872709097,
     "p_top29": 0.5394868377207598,
     "p_mean_percentile": 0.4758413862045985,
     "p_mrr": 0.14661779406864378
    },
    {
     "seed": 3,
     "p_top1": 0.2725758080639787,
     "p_top5": 0.13595468177274242,
     "p_top20": 0.35421526157947353,
     "p_top29": 0.5314895034988337,
     "p_mean_percentile": 0.45184938353882037,
     "p_mrr": 0.14761746084638455
    }
   ],
   "worst_case_max_p": {
    "p_top1": 0.2829056981006331,
    "p_top5": 0.13595468177274242,
    "p_top20": 0.36954348550483174,
    "p_top29": 0.5394868377207598,
    "p_mean_percentile": 0.47784071976007997,
    "p_mrr": 0.1602799066977674
   }
  },
  "semantic": {
   "obs": {
    "top1": 0.0,
    "top5": 0.03728813559322034,
    "top20": 0.1288135593220339,
    "top29": 0.17966101694915254,
    "mean_percentile": 0.4276259656404935,
    "median_percentile": 0.3673469387755102,
    "mrr": 0.028675927219984295
   },
   "chance": {
    "top1": 0.003389830508474576,
    "mean_percentile": 0.5,
    "mrr": 0.02124028806412695
   },
   "per_seed": [
    {
     "seed": 0,
     "p_top1": 1.0,
     "p_top5": 0.016327890703098966,
     "p_top20": 0.0006664445184938354,
     "p_top29": 0.0003332222592469177,
     "p_mean_percentile": 0.0003332222592469177,
     "p_mrr": 0.060313228923692105
    },
    {
     "seed": 1,
     "p_top1": 1.0,
     "p_top5": 0.013328890369876709,
     "p_top20": 0.0003332222592469177,
     "p_top29": 0.0003332222592469177,
     "p_mean_percentile": 0.0003332222592469177,
     "p_mrr": 0.05131622792402533
    },
    {
     "seed": 2,
     "p_top1": 1.0,
     "p_top5": 0.019993335554815063,
     "p_top20": 0.0003332222592469177,
     "p_top29": 0.0003332222592469177,
     "p_mean_percentile": 0.0003332222592469177,
     "p_mrr": 0.05731422859046984
    },
    {
     "seed": 3,
     "p_top1": 1.0,
     "p_top5": 0.014995001666111295,
     "p_top20": 0.0003332222592469177,
     "p_top29": 0.0003332222592469177,
     "p_mean_percentile": 0.0003332222592469177,
     "p_mrr": 0.05498167277574142
    }
   ],
   "worst_case_max_p": {
    "p_top1": 1.0,
    "p_top5": 0.019993335554815063,
    "p_top20": 0.0006664445184938354,
    "p_top29": 0.0003332222592469177,
    "p_mean_percentile": 0.0003332222592469177,
    "p_mrr": 0.060313228923692105
   }
  }
 }
}